image source,image title
https://media.gettyimages.com/photos/healthy-lungs-3d-ct-scan-picture-id172595305?k=6&m=172595305&s=612x612&w=0&h=8LYM4xP4bKndBPdyS6cL7smgL-JGyQXhQd0QSz875XA=,"healthy lungs, 3d ct scan - healthy lungs ct scan stock pictures, royalty-free photos & images"
https://media.gettyimages.com/photos/scan-of-chest-showing-heart-and-lungs-picture-id623681941?k=6&m=623681941&s=612x612&w=0&h=hBFp2azMHlUuYceIMzttZwwEzZO_J0OuVbd36mMgRBc=,"ct scan of chest showing heart and lungs - healthy lungs ct scan stock pictures, royalty-free photos & images"
https://media.gettyimages.com/photos/scan-of-chest-showing-heart-and-lungs-picture-id605383553?k=6&m=605383553&s=612x612&w=0&h=wQj8_TqGqryeClFIukG6w72Nu91LYDNkHVc4GHfEnF4=,"ct scan of chest showing heart and lungs - healthy lungs ct scan stock pictures, royalty-free photos & images"
https://media.gettyimages.com/vectors/medical-check-vector-id1187625821?k=6&m=1187625821&s=612x612&w=0&h=YKGxr2wsk3CWctprSX4bBGuex1VX2GAk1Sk0aADTn9o=,medical check - healthy lungs ct scan stock illustrations
https://media.gettyimages.com/photos/healthy-lungs-ct-scan-picture-id581747493?k=6&m=581747493&s=612x612&w=0&h=zC29NJOvsT_xiaMj7RR34KVJeHuVx2Q3DH1CaI4Zoz0=,"healthy lungs, ct scan - healthy lungs ct scan stock pictures, royalty-free photos & images"
https://media.gettyimages.com/vectors/medical-scan-vector-id1187715106?k=6&m=1187715106&s=612x612&w=0&h=Y9DlV1Wa-zInip5jpQB9eavGcO9EFRdSX4mfT2cVHF4=,medical scan - healthy lungs ct scan stock illustrations
https://media.gettyimages.com/photos/healthy-lungs-ct-scan-picture-id581747487?k=6&m=581747487&s=612x612&w=0&h=vhgT_TCucKKpkGjeRRIzX-CQViu7-sbuX5sVt6Q4jsI=,"healthy lungs, ct scan - healthy lungs ct scan stock pictures, royalty-free photos & images"
https://media.gettyimages.com/photos/chest-anatomy-3d-ct-scan-picture-id172595347?k=6&m=172595347&s=612x612&w=0&h=3Iov0KHpsf-BORHSBP_P9WscDJEeUOszIj8PpFnTqO4=,"chest anatomy, 3d ct scan - healthy lungs ct scan stock pictures, royalty-free photos & images"
https://media.gettyimages.com/photos/healthy-lungs-3d-ct-scan-picture-id172595301?k=6&m=172595301&s=612x612&w=0&h=rGHLL1pUGherZFiyOmmWR1rIaU0tAg_XW2b6S4obXlc=,"healthy lungs, 3d ct scan - healthy lungs ct scan stock pictures, royalty-free photos & images"
https://media.gettyimages.com/photos/chest-anatomy-3d-ct-scan-picture-id172595363?k=6&m=172595363&s=612x612&w=0&h=2xdrPzRUtnbWW0kzqk9vKz0V52cG8Y_YpwBrxkEKSDg=,"chest anatomy, 3d ct scan - healthy lungs ct scan stock pictures, royalty-free photos & images"
https://media.gettyimages.com/photos/healthy-lungs-ct-scan-picture-id581747489?k=6&m=581747489&s=612x612&w=0&h=jcrtazuH-LC5UkHYwFAthu5xf4WpOeoW828QQV8jhfw=,"healthy lungs, ct scan - healthy lungs ct scan stock pictures, royalty-free photos & images"
https://media.gettyimages.com/vectors/lung-ct-stock-illustration-vector-id1208823039?k=6&m=1208823039&s=612x612&w=0&h=nvAisfhAdrL-d8m3e8U8vUAReB1gnmVkQRJPUD-QH3c=,lung ct stock illustration - healthy lungs ct scan stock illustrations
https://media.gettyimages.com/photos/scan-of-chest-showing-heart-and-lungs-picture-id605383565?k=6&m=605383565&s=612x612&w=0&h=ixNZvMF05fRcuppnYS0S6G4nUVGibFUICgFG7egQWUg=,"ct scan of chest showing heart and lungs - healthy lungs ct scan stock pictures, royalty-free photos & images"
https://media.gettyimages.com/photos/healthy-lungs-ct-scan-picture-id581747485?k=6&m=581747485&s=612x612&w=0&h=IW1NC724IYXQyTPsr9MbNgSf5gIxsqjzKR11VL2sjVk=,"healthy lungs, ct scan - healthy lungs ct scan stock pictures, royalty-free photos & images"
https://media.gettyimages.com/photos/healthy-lungs-ct-scan-picture-id581747495?k=6&m=581747495&s=612x612&w=0&h=DeSSZ0vKG0guDD7IbsEUA5oNiy6wMbJ4cSSF6XL6M5E=,"healthy lungs, ct scan - healthy lungs ct scan stock pictures, royalty-free photos & images"
https://media.gettyimages.com/photos/healthy-lungs-ct-scan-picture-id581747491?k=6&m=581747491&s=612x612&w=0&h=JnslyzkX2OczgeAKdN7TjwfOz8iDu_NaMAIlJHtyzm8=,"healthy lungs, ct scan - healthy lungs ct scan stock pictures, royalty-free photos & images"
https://media.gettyimages.com/photos/chest-anatomy-3d-ct-scan-picture-id172595366?k=6&m=172595366&s=612x612&w=0&h=Sjn-LKyLmL77pq8uwMlP2lypxgoTMD6wP6uxDdaJRfQ=,"chest anatomy, 3d ct scan - healthy lungs ct scan stock pictures, royalty-free photos & images"
https://media.gettyimages.com/vectors/lung-ct-stock-illustration-vector-id1211590751?k=6&m=1211590751&s=612x612&w=0&h=IAzgMD6lrK-dBnZYbqqz8kpKZt2lMP0RYFrxxDyh04w=,lung ct stock illustration - healthy lungs ct scan stock illustrations
